{
  "390x844": {
    "screen": {
      "w": 390,
      "h": 844
    },
    "like": {
      "x": 359,
      "y": 453.5
    },
    "comment": {
      "x": 359.5,
      "y": 520
    },
    "save": {
      "x": 359,
      "y": 585.5
    },
    "share": {
      "x": 359,
      "y": 654.5
    },
    "follow": {
      "x": 359.17391304347825,
      "y": 406.55900621118013
    }
  }
}